                  epoch,         train/box_loss,         train/cls_loss,         train/dfl_loss,   metrics/precision(B),      metrics/recall(B),       metrics/mAP50(B),    metrics/mAP50-95(B),           val/box_loss,           val/cls_loss,           val/dfl_loss,                 lr/pg0,                 lr/pg1,                 lr/pg2
                      1,                 3.1881,                 3.6224,                 4.2419,                0.00485,                0.62162,                0.02419,                0.00621,                  2.855,                  3.578,                 4.1579,                0.00016,                0.00016,                0.00016
                      2,                 3.1504,                  3.551,                 4.2139,                0.00483,                0.62838,                0.03891,                0.00971,                 2.8517,                 3.5777,                 4.1543,              0.0002278,              0.0002278,              0.0002278
                      3,                 3.1042,                 3.4757,                 4.1752,                  0.005,                0.63851,                0.04199,                0.01085,                 2.8446,                 3.5773,                 4.1485,              0.0001768,              0.0001768,              0.0001768
